indice_tiempo,salon_ventas,canales_on_line,porcentaje_online,mes_numero
2017-01-01,27591730.12689,267141.956,0.9589115998851575,1
2017-02-01,25749179.39807,245020.769,0.9425978388455954,2
2017-03-01,27472228.718250018,307777.804,1.1079112013652321,3
2017-04-01,28827479.48661001,306792.733,1.0530303646764878,4
2017-05-01,27569311.41494,399693.262,1.4290578682248953,5
2017-06-01,28763865.4186,368847.326,1.2660933062897446,6
2017-07-01,30815311.77359001,366990.683,1.1769197720755253,7
2017-08-01,30763355.89174,391525.052,1.2567053384252131,8
2017-09-01,30135595.69727,385910.498,1.2643887740369957,9
2017-10-01,31980223.91264,465759.10129,1.4354908004791722,10
2017-11-01,33122387.951610014,506594.70549,1.5064229288632487,11
2017-12-01,40320285.2796,446036.8247,1.094130649212901,12
2018-01-01,32103107.855989996,376100.1495799999,1.1579720463488548,13
2018-02-01,31357444.8335,379379.71864,1.1953928094372586,14
2018-03-01,36055413.05464001,475878.27403,1.3026593277214031,15
2018-04-01,33622270.978180006,491474.68862,1.4406940047580594,16
2018-05-01,34407391.593590006,725754.7976899999,2.065726734540722,17
2018-06-01,37744796.10936996,593413.63629,1.5478386712023684,18
2018-07-01,38696650.90644997,581799.0561899999,1.4812169440071667,19
2018-08-01,38852702.48435998,639204.78984,1.6185715858235892,20
2018-09-01,39313002.17497999,612546.82257,1.5342226668131438,21
2018-10-01,42646486.70567999,773767.1168,1.7820419013750608,22
2018-11-01,44076960.79194998,772485.21409,1.722396334585644,23
2018-12-01,56452356.42238999,751599.44123,1.3138941702246765,24
2019-01-01,44740575.24163,693048.47043,1.5254087475440257,25
2019-02-01,43914187.05556002,677957.8397799999,1.5203526122620936,26
2019-03-01,50347782.683160014,717911.5714899999,1.4058588294324956,27
2019-04-01,48939565.17114004,681844.1039799999,1.3740925820941439,28
2019-05-01,49813853.04009,964446.87431,1.8993287997743629,29
2019-06-01,53591716.25316001,821703.3616599999,1.5101116001836454,30
2019-07-01,54121341.62436,923140.63296,1.6770811443816198,31
2019-08-01,58647926.47731001,1024177.97836,1.7163429842177842,32
2019-09-01,56887830.18007998,997476.22679,1.7231941725916422,33
2019-10-01,65144928.115430005,1180651.47825,1.780084675449261,34
2019-11-01,66454203.74208,1489506.4453500002,2.1922653932807568,35
2019-12-01,82246180.67768,1278463.61382,1.5306423926310628,36
2020-01-01,69104127.61199,1040882.66074,1.4839012164841892,37
2020-02-01,71514175.14700998,980258.51473,1.3521845267512533,38
2020-03-01,84174875.51342997,1603155.57539,1.8689582344574824,39
2020-04-01,71798954.70953001,3210641.9290200006,4.280308217748689,40
2020-05-01,74966605.02587001,3627916.794580001,4.615991942629302,41
2020-06-01,74554853.95878996,3678005.64307,4.70135651667085,42
2020-07-01,76413721.76438998,4726974.45707,5.825651833413547,43
2020-08-01,76406528.27118002,4005445.0164,4.981154985558176,44
2020-09-01,73111415.16161998,3944359.19539,5.1188366197129405,45
2020-10-01,84622602.74864998,4601678.305080001,5.15742828155591,46
2020-11-01,86255330.60578996,4838176.70645,5.3112201398352665,47
2020-12-01,111830218.56443,3975909.55075,3.4332462499701113,48
2021-01-01,94524545.26598,3483037.9868500005,3.5538453977227586,49
2021-02-01,89908053.01556998,3046180.66555,3.277075766123725,50
2021-03-01,103243215.2959,3982669.19388,3.7142796376369356,51
2021-04-01,102742178.64234994,4128007.24374,3.862636908052103,52
2021-05-01,104997658.23470998,5607036.33009,5.069437922280058,53
2021-06-01,111477594.54618998,4810298.409969999,4.1365427540969035,54
2021-07-01,120904098.31748004,4754454.214929999,3.7836296209951352,55
2021-08-01,120181530.94271998,4658789.019680001,3.7317983653703846,56
2021-09-01,118585472.17123003,4416780.258529999,3.5908125024394852,57
2021-10-01,136000643.3463,4486843.91995,3.1937676495320844,58
2021-11-01,135950778.84937298,5751181.80928,4.058646600616958,59
2021-12-01,178866721.2456501,5116430.63427,2.780923460648902,60
2022-01-01,149697614.62836808,4819479.553599999,3.119059143012557,61
2022-02-01,148406529.31365797,3796044.07646,2.494073517883414,62
2022-03-01,164321074.85165015,4661427.42714,2.7585266902069536,63
2022-04-01,173047715.34078,4144573.383260001,2.3390258194106726,64
2022-05-01,175360239.53115994,4281329.20203,2.3832619767358985,65
2022-06-01,189510268.1663519,6604256.65058,3.367551004569861,66
2022-07-01,220952507.14078715,7262837.590410001,3.1824492778802913,67
2022-08-01,218261209.60020196,7246899.535399999,3.2135871136422467,68
2022-09-01,223841299.55893996,8311857.66562,3.5803336749713055,69
2022-10-01,256894810.875496,8770878.014759999,3.3014718804667194,70
2022-11-01,272973768.15517306,11812684.98915,4.147909726297132,71
2022-12-01,349050818.8344698,10616793.4917,2.9518347295813796,72
2023-01-01,307263826.4882069,9314561.14245,2.942260592127671,73
2023-02-01,309570090.0011699,8846908.001230001,2.778403180964391,74
2023-03-01,351601023.6392711,11547315.44003,3.1797792244640832,75
2023-04-01,374859125.1204798,10954941.807589997,2.839435558898999,76
2023-05-01,374434432.96447,14462742.917069998,3.7189117880031666,77
2023-06-01,413276979.4247101,12528760.526069997,2.9423653442337874,78
2023-07-01,467388086.1971698,15281302.853480002,3.1659979273880223,79
2023-08-01,518751701.64604,18657528.72354,3.471754422734624,80
2023-09-01,563540336.5967802,16572711.735530002,2.856807269405969,81
2023-10-01,682264293.6607599,26120056.76104,3.687271852559573,82
2023-11-01,735686087.4721098,28618728.15484,3.7444129056500066,83
2023-12-01,1116024751.75575,31032995.3184,2.7054431564197365,84
2024-01-01,1070336895.2835702,31401144.578970008,2.8501461729403306,85
2024-02-01,1159627571.8536096,33384434.91634,2.7983318463598303,86
2024-03-01,1384251341.0202303,38681622.09028,2.7184430393489896,87
2024-04-01,1294639323.3574092,40478838.531090006,3.031854384621168,88
2024-05-01,1361031140.9580293,51848591.73305,3.6697102048661416,89
2024-06-01,1488530909.849041,44388418.87694,2.8956787252354297,90
2024-07-01,1537405542.9489808,50971855.90001998,3.209051950560122,91
2024-08-01,1613894730.890319,54573573.02919,3.270878619688945,92
2024-09-01,1534438240.838519,50687347.56737,3.1976865390422895,93
2024-10-01,1643182164.0618002,55187797.65037,3.2494567670481977,94
2024-11-01,1756117842.3051193,68103931.48469,3.733314252861071,95
2024-12-01,2167790946.522249,60421779.60570999,2.711670160447695,96
2025-01-01,1815675574.5381503,54360612.35328,2.9069283650411006,97
2025-02-01,1740067462.0109096,52298665.55793,2.917856165295188,98
2025-03-01,1984442779.3166904,60961271.32794002,2.980402395738262,99
2025-04-01,1921361392.85092,54016991.23171,2.7345136337915132,100
2025-05-01,1917328198.5491695,70096111.70803998,3.526982705518393,101
2025-06-01,1949403829.2751296,60098462.71771999,2.990713817903614,102
2025-07-01,1993847051.4574203,65186222.7294,3.1658654353288282,103
2025-08-01,2037395777.3903208,69524860.75538,3.2998329171320275,104
2025-09-01,1894031054.1400995,68331940.81919,3.4821254270852977,105
2025-10-01,2096199311.4287696,74767526.22910002,3.443973667960878,106
2025-11-01,2132007343.3925505,79314966.27909999,3.5867664307550498,107
2025-12-01,2713064578.3367305,83045783.35138997,2.9700466937668373,108
2026-01-01,2276136044.052029,63097280.86124001,2.697348750517627,109
2026-02-01,2154052217.7188697,60089393.21940001,2.713891149624183,110
